INSERT INTO weekday (weekday_id, name) VALUES
(1, 'Понедельник'),
(2, 'Вторник'),
(3, 'Среда'),
(4, 'Четверг'),
(5, 'Пятница'),
(6, 'Суббота'),
(7, 'Воскресенье');

INSERT INTO lesson_time (lesson_number, time_start, time_end) VALUES
(1, '08:30', '10:00'),
(2, '10:10', '11:40'),
(3, '12:10', '13:40'),
(4, '13:50', '15:20'),
(5, '15:30', '17:00'),
(6, '17:10', '18:40');

INSERT INTO specialties (name) VALUES
('Информационные системы и программирование'),
('Авиационные приборы и комплексы');

INSERT INTO building (name, address) VALUES
('Красный проспект 72', 'г. Новосибирск, Красный проспект 72'),
('проспект Дзержинского 26', 'г. Новосибирск, проспект Дзержинского 26');


INSERT INTO classroom (building_id, room_number) VALUES
(1, '368'),
(1, '352'),
(1, '105'),
(1, '360'),
(1, '244'),
(1, '485А'),
(1, '480'),
(2, '418'),
(2, '301'),
(2, '214'),
(2, '401'),
(2, '211'),
(2, '105');

INSERT INTO subject (name) VALUES
('МДК.01.02 Поддержка и тестирование программных модулей'),
('МДК.11.01 Технология разработки и защиты баз данных'),
('Искусственный интеллект и машинное обучение'),
('Правовое обеспечение профессиональной деятельности'),
('МДК.01.01 Разработка программных модулей'),
('Основы программирования в 1С'),
('Иностранный язык в профессиональной деятельности'),
('Безопасность жизнедеятельности'),
('МДК.01.03 Разработка мобильных приложений'),
('Основы философии'),
('МДК.02.02 Технология диагностики'),
('МДК.02.01 Основы построения многоканальных систем'),
('Охрана труда'),
('Физическая культура'),
('Технология программирования');

INSERT INTO teacher (last_name, first_name, middle_name, position) VALUES
('Гербер', 'Маргарита', 'Рустамовна', 'Преподаватель'),
('Нищерикова', 'Любовь', 'Антоновна', 'Преподаватель'),
('Гладышева', 'Анастасия', 'Викторовна', 'Преподаватель'),
('Бондаренко', 'Оксана', 'Владимировна', 'Преподаватель'),
('Иванов', 'Александр', 'Сергеевич', 'Преподаватель'),
('Терехова', 'Александра', 'Анатольевна', 'Преподаватель'),
('Машукова', 'Алена', 'Игоревна', 'Преподаватель'),
('Сулаев', 'Анатолий', 'Аркадьевич', 'Преподаватель'),
('Андреева', 'Мария', 'Андреевна', 'Преподаватель'),
('Самикова', 'Мунира', 'Мирзаевна', 'Преподаватель'),
('Винников', 'Дмитрий', 'Александрович', 'Преподаватель'),
('Гаврилюк', 'Ольга', 'Анатольевна', 'Преподаватель'),
('Перевязкин', 'Алексей', 'Владиславович', 'Преподаватель'),
('Селезнев', 'Юрий', 'Викторович', 'Преподаватель'),
('Прилуцкий', 'Юрий', 'Вячеславович', 'Преподаватель');

INSERT INTO student_group (group_name, course, specialty_id) VALUES
('ПР-23.101', 3, 1),
('ТЭТ-23.221', 3, 2);

INSERT INTO schedule
(lesson_date, weekday_id, lesson_time_id, group_id, subject_id, teacher_id, classroom_id, group_part)
VALUES
('2026-02-09',1,2,1,5,5,1,'FULL'),
('2026-02-09',1,3,1,6,6,4,'FULL'),
('2026-02-10',2,2,1,1,1,1,'FULL'),
('2026-02-10',2,3,1,1,1,1,'FULL'),
('2026-02-11',3,3,1,8,9,4,'FULL'),
('2026-02-12',4,3,1,7,7,6,'SUB1'),
('2026-02-12',4,3,1,7,8,7,'SUB2'),
('2026-02-13',5,4,1,2,2,2,'FULL'),
('2026-02-14',6,3,1,9,5,3,'FULL');

INSERT INTO schedule
(lesson_date, weekday_id, lesson_time_id, group_id, subject_id, teacher_id, classroom_id, group_part)
VALUES
('2026-02-17',2,2,1,1,1,1,'FULL'),
('2026-02-17',2,3,1,1,1,1,'FULL'),
('2026-02-17',2,4,1,2,2,2,'FULL'),
('2026-02-17',2,5,1,3,3,3,'FULL'),
('2026-02-18',3,2,1,4,4,3,'FULL'),
('2026-02-18',3,3,1,5,5,3,'FULL'),
('2026-02-18',3,4,1,5,5,3,'FULL'),
('2026-02-18',3,5,1,6,6,3,'FULL'),
('2026-02-19',4,2,1,3,3,3,'FULL'),
('2026-02-19',4,3,1,7,7,6,'SUB1'),
('2026-02-19',4,3,1,7,8,7,'SUB2'),
('2026-02-19',4,4,1,8,9,4,'FULL'),
('2026-02-19',4,5,1,2,2,2,'FULL'),
('2026-02-20',5,3,1,8,9,5,'FULL'),
('2026-02-20',5,4,1,6,6,4,'FULL'),
('2026-02-21',6,3,1,5,5,3,'FULL'),
('2026-02-21',6,4,1,9,5,3,'FULL');

INSERT INTO schedule
(lesson_date, weekday_id, lesson_time_id, group_id, subject_id, teacher_id, classroom_id, group_part)
VALUES
('2026-02-09',1,1,2,11,13,10,'FULL'),
('2026-02-10',2,3,2,12,13,10,'FULL'),
('2026-02-11',3,4,2,10,12,9,'FULL'),
('2026-02-12',4,3,2,11,13,10,'FULL'),
('2026-02-13',5,4,2,13,10,12,'FULL'),
('2026-02-14',6,1,2,14,15,9,'FULL');

INSERT INTO schedule
(lesson_date, weekday_id, lesson_time_id, group_id, subject_id, teacher_id, classroom_id, group_part)
VALUES
('2026-02-17',2,4,2,15,15,13,'FULL'),
('2026-02-17',2,5,2,10,12,9,'FULL'),
('2026-02-18',3,1,2,11,13,10,'FULL'),
('2026-02-18',3,2,2,12,11,8,'FULL'),
('2026-02-19',4,3,2,12,13,10,'FULL'),
('2026-02-19',4,4,2,12,11,8,'FULL'),
('2026-02-20',5,3,2,13,10,12,'FULL'),
('2026-02-20',5,4,2,10,12,9,'FULL'),
('2026-02-21',6,1,2,14,15,9,'FULL'),
('2026-02-21',6,2,2,11,13,9,'FULL');
